﻿セレクト,セリフ,あ
男,ひろって言います,
男,お酒好きですよね,
女,すき！,
女,ハイボールすき,
男,お姉さん金曜にチンチロメガハイボールしてそう,
女,なんで分かるの🥺,
男,酒飲みの勘🥺,
男,今度飲み行こーー,
女,いいよお,
女,ホスト？？,
男,違うよ！！,
男,普段どの辺のみ行くの？,
女,新宿渋谷,
女,お兄さんは新宿にいそうだけど,
男,だからホストちゃうてw,
女,ホストじゃなくても絶対チャラいw,
男,人は見た目によりません！,
女,わたしそんなすぐしないよ？,
男,しないってなにが？？,
女,わかるでしょw,
男,え、もしかしてやらしいことカンガエテル？,
男,何かカタコトなってもうた,
女,wwwww,
女,ほら！怪しい！,
男,怪しいのは見た目だけってやかましいわw,
女,もうなんか諦めた笑,
女,見た目はかっこいいけどね💕,
男,ありがと！！！,
男,普段行かない渋谷いきたいな,
女,いきましょ🥺,